<?xml version="1.0" encoding="UTF-8" ?>
<Page xmlns="http://schemas.nativescript.org/tns.xsd" navigatingTo="onNavigatingTo">
    <ActionBar title="Set Dietary Goals" />
    
    <ScrollView>
        <StackLayout class="p-4">
            <Label text="Nutritional Targets" class="text-xl font-bold mb-4" />
            
            <GridLayout rows="auto, auto, auto, auto" columns="*, *" class="mb-4">
                <Label text="Calories" row="0" col="0" class="p-2" />
                <TextField row="0" col="1" text="{{ nutritionalTargets.calories }}" keyboardType="number" class="p-2" />
                
                <Label text="Protein (g)" row="1" col="0" class="p-2" />
                <TextField row="1" col="1" text="{{ nutritionalTargets.protein }}" keyboardType="number" class="p-2" />
                
                <Label text="Carbs (g)" row="2" col="0" class="p-2" />
                <TextField row="2" col="1" text="{{ nutritionalTargets.carbs }}" keyboardType="number" class="p-2" />
                
                <Label text="Fats (g)" row="3" col="0" class="p-2" />
                <TextField row="3" col="1" text="{{ nutritionalTargets.fats }}" keyboardType="number" class="p-2" />
            </GridLayout>

            <Button text="Save Goals" tap="{{ saveGoals }}" class="bg-blue-500 text-white p-4 rounded-lg" />
        </StackLayout>
    </ScrollView>
</Page>